,malformed_label,correct_label
0,Win,Winnabow
1,Carolina,Carolinas
2,R,RICHMOND
3,NorthCaro,NorthCarolina
4,Virginia,Virginias
5,Ho,Holshouser Building
6,N C,N.C.
7,Le,Leland
8,Le,Leland
9,Le,Leland
10,Carter,Carteret
11,Carolina,Carolinas
12,SouthC,SouthCarolina
13,NorthC,NorthCarolina
14,NC VA,NC VA
15,Al,Albemarle
16,Pam,Pamlico
17,Pam,Pamlico rivers
18,us,usa
19,na,nashville
20,U S,U.S.
21,East Mecklenburg,East Mecklenburg HS
22,U S,U.S.
23,Carolina,Carolinas
24,CO,CONWAY
25,NorthC,NorthCarolina
26,Carolina,Carolinas
27,NorthCaro,NorthCarolina
28,S C,S.C.
29,N C,N.C.
30,SouthCaro,SouthCarolina
31,NorthC,NorthCarolina
32,East,EastCoast
33,NewY,NewYork
34,CAL,CAROLINA
35,NorthCaro,NorthCarolina
36,NorthCaro,NorthCarolina
37,SouthC,SouthCarolina
38,N TR,N TRYON ST north
39,NorthC,NorthCarolina
40,Carolina,Carolinas
41,Carolina,Carolinas
42,SouthCaro,SouthCarolina
43,NorthC,NorthCarolina
44,Carolina,Carolinas
45,Carolina,Carolina Coast
46,Boston VA Yanceyville NC Halifax VA,Boston VA
47,Carolina,Carolinas
48,Sand,Sandhills
49,Carolina,Carolinas
50,ELM CIT,ELM CITY
51,NorthCaro,NorthCarolina
52,SouthCaro,SouthCarolina
53,CH,CHURCHVILLE
54,AU,AUGUSTA COUNTY
55,South Carolina,South Carolinaan
56,North Carol,North Carolinians
57,U S,U.S.
58,Down,Down East
59,NC VA,NC VA
60,N C,N.C.
61,N C,N.C.
62,Carolina,Carolinas
63,U,U.S
64,northcarolin,northcarolina
65,southcarolin,southcarolina
66,Blue Ridge,Blue Ridge Monday
67,U S,U.S.
68,Carolina,Carolinas
69,Carolina,Carolinas
70,300 CER PT B,300 CEDAR POINT BLVD
71,Lok,Lokoja
72,Carolina,Carolinas
73,Montgomery,Montgomery Co
74,U S,U.S.
75,NorthC,NorthCarolina
76,Jones,JonesCounty
77,Hyde,HydeCounty
78,NC SC,NC SC
79,Carolina,Carolinas
80,Carolina,Carolinas
81,Carolina,Carolinas
82,U S,U.S.
83,H,HOLDEN BEACH
84,N C,N.C.
85,ATLA,ATLANTA
86,U S,U.S.
87,Dear Carolina,Dear Carolinas
88,Carolina,Carolinas
89,the Carolina,the Carolinas
90,Ha,Harkers Island
91,Carolina,Carolina coast
92,Carolina,Carolinas
93,Carolina,Carolinas
94,Carolina,Carolinas
95,Lou,Loudoun
96,San Juan,San Juans
97,n,nc
98,northcarolin,northcarolina
99,southcarolin,southcarolina
100,f,fayettevillenc
101,SouthCaro,SouthCarolina
102,Ch,Cheraw
103,Great P,Great Pee Dee River
104,NC,NCs
105,Carolina,Carolinas
106,Carolina,Carolinas
107,Carolina,Carolinas
108,U S,U.S.
109,North,Northland
110,City,"City Hall, 300 Pollock St"
111,LO,LOUISIANA
112,LO,LOUISIANA
113,Le,Leland
114,U S,U.S.
115,North Carolina,North Carolinas
116,northcarolin,northcarolina
117,jack,jacksonville
118,co,columbia
119,West Virginia,West Virginia.
120,Carolina,Carolinas
121,D,D.C.
122,N C,N.C.
123,North Carol,North Carolinians
124,Carolina,Carolinas
125,Low,Lowcountry
126,E,Etlan
127,ET,ETLAN
128,SouthCaro,SouthCarolina
129,B,Burgaw
130,Carolina,Carolinas
131,Washington D C,"Washington, D.C."
132,NorthCaro,NorthCarolina
133,NorthC,NorthCarolina
134,SouthCaro,SouthCarolina
135,U S,U.S.
136,N C,N.C.
137,Carolina,Carolinas
138,NorthCaro,NorthCarolina
139,SouthCaro,SouthCarolina
140,Carolina,Carolinas
141,Virginia,Virginias
142,SouthCaro,SouthCarolina
143,NorthC,NorthCarolina
144,O,OVERLAKE ROAD
145,Myers S,Myers Squibb
146,Carolina,Carolinas
147,Carolina,Carolinas
148,Cumberland Co,Cumberland Co.
149,Carolina,Carolinas
150,Capital,Capital District
151,W,WILMINGTON
152,N C,N.C.
153,Carolina,Carolinas
154,More,Morehead City
155,Carolina,Carolinas
156,NC,NC-
157,O,Ocracoke
158,Poll,Pollocksville
159,U S,U.S.
160,Carolina,Carolinas
161,Puerto,PuertoRico
162,H,HARTSVILLE
163,D,DARLINGTON
164,NO,NORTH CAROLINA
165,U S,U.S.
166,Virginia,Virginia Beach
167,Carolina,Carolinas
168,U S,U.S.
169,N C,N.C.
170,Carolina,Carolinas
171,NorthC,NorthCarolina
172,Carolina,Carolinas
173,Carolina,Carolinas
174,U S,U.S.
175,Carolina,Carolinas
176,Le,Leland
177,NorthCaro,NorthCarolina
178,U S,U.S.
179,Carolina,Carolinas
180,Carolina,Carolinas
181,Carolina,Carolinas
182,NorthCaro,NorthCarolina
183,SouthC,SouthCarolina
184,Carolina,Carolinas
185,CA,CAROLINAS
186,Sgo Crk Pkwyy Branch Rd,Sligo Crk Pkwy Both NB/SB between Piney Branch Rd and Maple Ave
187,Swan,Swansboro
188,SouthC,SouthCarolina
189,kaiko,kaikoura
190,C,Clutha District
191,Kaiko,Kaikoura
192,Kaiko,Kaikoura
193,NewZ,NewZealand
194,p,picton
195,n,nz
196,W,WLGN
197,Kai,Kairoura
198,Kaiko,Kaikoura
199,South,SouthIsland
200,Kaiko,Kaikoura
201,Wellington,Wellingtons
202,Ke,Kekerengu
203,Kaiko,Kaikoura
204,br,brooklyn
205,C,Culverden.#eqnz
206,Pi,Picton
207,NewZ,NewZealand
208,Tarana,Taranaki
209,NewZ,NewZealand
210,Pa,Parnassus
211,well,wellington
212,Wellington,Wellingtons
213,NewZeal,NewZealand
214,Kaiko,Kaikoura
215,Se,Seddon
216,NewZ,NewZealand
217,NewZ,NewZealand
218,NewZ,NewZealand
219,NewZ,NewZealand
220,New Zealand,New Zealands
221,Op,Opotiki
222,New Zealand,New Zealands
223,Centre,Centreport
224,C,Culverden
225,Ch,Cheviot
226,NO,NORTH ISLAND
227,Ch,Cheviot
228,kaiko,kaikoura
229,New Zealand,New Zealands
230,NewZeal,NewZealand
231,NewZ,NewZealand
232,NE Z,NEW ZEALAND
233,New Zealand,New Zealands
234,Kaiko,Kaikoura
235,L,Lyall Bay
236,NewZ,NewZealand
237,Kaiko,Kaikoura
238,NZ,NZs South Island
239,Puke,Pukekohe
240,Met,Methven
241,Kaiko,Kaikoura
242,New Zealand,New Zealands
243,Ara,Aramoana
244,Kaiko,Kaikoura
245,Kaiko,Kaikoura
246,New Zealand,New Zealands
247,kaiko,kaikoura
248,NewZeal,NewZealand
249,Kaiko,Kaikoura
250,Ng,Ngauranga
251,Fi,Fitzherbert Bridge
252,Waia,Waiau
253,NewZeal,NewZealand
254,Kaiko,Kaikoura
255,B,Blenheim
256,Kaiko,Kaikoura
257,NewZ,NewZealand
258,Kaiko,Kaikoura
259,South,South Island
260,NZ North Island,NZs North Island
261,Kai≈ç,Kaikōura
262,Kaiko,Kaikoura
263,New Zealand,New Zealands
264,Oh,Ohau Point
265,Wellington Phoenix,Wellington Phoenix
266,Kaiko,Kaikoura
267,Horn,Hornby
268,Wellington,Wellingtons
269,Kaiko,Kaikoura
270,NewZ,NewZealand
271,New Zealand,New Zealands
272,NZ,NZs
273,Kaiko,Kaikoura
274,Han,Hanmer springs
275,Waia,Waiau
276,NewZ,NewZealand
277,Kai,Kaikora
278,ka,kaikora
279,NewZeal,NewZealand
280,Kaiko,Kaikoura
281,U S,U.S.
282,Se,Seddon
283,Kaikor,Kaikorua
284,New,NewZealand
285,NewZ,NewZealand
286,Aki,Akita
287,South,South Island road & rail
288,W,WELLINGTON
289,NewZ,NewZealand
290,New Zealand,New Zealands
291,New Zealand,New Zealands
292,NewZ,NewZealand
293,Wain,Wainuiomata
294,kaiko,kaikoura
295,kaiko,kaikoura
296,NewZ,NewZealand
297,CA OR WA,CA OR
298,Kaiko,Kaikoura
299,Heath,Heathcote Valley
300,Waia,Waiau
301,Kaiko,Kaikoura
302,NewZ,NewZealand
303,Mal,Malvina
304,Kaiko,Kaikoura
305,Pi,Picton
306,Wai,Waikawa
307,Have,Havelock
308,H,HAWAII
309,NewZ,NewZealand
310,Kaiko,Kaikoura
311,Ra,Raglan
312,Kaiko,Kaikouras
313,NewZ,NewZealand
314,NZ,NZs
315,U S,U.S.
316,L,Lyall Bay
317,NewZ,NewZealand
318,C,Culverden
319,New Zealand,New Zealands
320,Kaiko,Kaikoura
321,Hat,Hataitai
322,kaiko,kaikoura
323,Ch,Cheviot
324,Kaiko,Kaikoura
325,NewZ,NewZealand
326,Kaiko,Kaikoura
327,Kaiko,Kaikoura
328,NE ZLA,NEW ZEALAND
329,Fu,Fukushima
330,North,Northland
331,Kaiko,Kaikoura
332,Kaiko,Kaikoura
333,O,Oaro
334,Wai,Waipara
335,Pi,Picton
336,NewZeal,NewZealand
337,Kaiko,Kaikoura
338,Kaiko,Kaikoura
339,NZ,NZs
340,Kaiko,Kaikoura
341,Kaiko,Kaikoura
342,G,Gisborne
343,Hu,Huka Falls
344,Kaiko,Kaikoura
345,NewZ,NewZealand
346,Rotherham Canterbury,Rotherham Canterbury
347,NewZeal,NewZealand
348,Kaiko,Kaikoura
349,Kaiko,Kaikoura
350,Kaiko,Kaikoura
351,C,Culverden
352,Kaiko,Kaikoura
353,NewZ,NewZealand
354,west,west coast marina
355,Kaiko,Kaikoura
356,Puna,Punawea
357,Tai,Tairei Mouth
358,NewZ,NewZealand
359,Kaiko,Kaikoura
360,Ra,Raglan
361,Lower Hu,Lower Hutt
362,Kaiko,Kaikoura
363,Kaiko,Kaikoura
364,Op,Opotiki
365,Kaiko,Kaikoura
366,Oxford,Oxfords
367,NewZ,NewZealand
368,New Zealand,New Zealands
369,U,U.S.
370,Kaiko,Kaikoura
371,NewZ,NewZealand
372,n,nz
373,Pi,Picton
374,well,wellington
375,K,KAIKOURA
376,New Zealand,New Zealands
377,Kaiko,Kaikoura
378,Bheim New Zealand,Blenheim New Zealand
379,NewZeal,NewZealand
380,Fu,Fukushima
381,Pi,Picton
382,Chatham,Chathams
383,C,Culverden
384,Ch,Cheviot
385,Se,Seddon
386,Ch,Cheviot
387,Wellington,Wellingtons
388,New Zealand,New Zealands
389,Kaiko,Kaikoura
390,Kaiko,Kaikoura
391,New Zealand,New Zealanders
392,well,wellington
393,Kaiko,Kaikoura
394,Pet,Petone
395,Ra,Raglan
396,NewZ,NewZealands
397,North,North Island
398,well,wellington
399,Hu,Hurunui
400,NewZeal,NewZealand
401,NewZ,NewZealand
402,well,wellington
403,Well,Welly
404,Pi,Picton
405,Kat,Katikati
406,NewZ,NewZealand
407,Kaiko,Kaikoura
408,New Zealand,New Zealands
409,Kaiko,Kaikoura
410,Ch,Cheviot
411,Fu,Fukushima
412,NewZeal,NewZealand
413,in,india
414,k,kerala
415,in,india
416,k,kerala
417,Jin,Jind
418,Kochi Alu,Kochi/ Aluva
419,Ka,Kadavanthra
420,k,kerala
421,Ma,Maharshtra
422,Piay,Pinarayi
423,Dad,Dadra Nagar Haveli
424,Koch,Kochi
425,Pam,Pamba
426,Palak,Palakkad
427,Muthal,Muthalamada
428,Ko,Kollangode
429,On,Onam
430,Peru,Perumbavoor
431,k,kerala
432,Piay,Pinarayi Vijayan
433,K,KERALA
434,k,kerala
435,pan,pandanad
436,chengur k,chengannur kerala
437,jod,jodupala
438,Ko,Kodagu
439,Para,Paramavu village
440,V,Vellappara
441,Hi,Hindon
442,Thiruvanantha,Thiruvananthapuram
443,Thirvanantha,Thiruvananthapuram
444,Ko,Kodagu
445,Ernaku,Ernakulam
446,Raj,Rajithan
447,Kadam,Kadamakkady
448,Sa,Sabarimala
449,k,kerela
450,K,KERALA
451,K,KODAGU
452,in,indias
453,B,BHUBANESWAR
454,ER,ERNAKULAM
455,Erna,Ernakulam
456,Bhu,Bhubaneswar
457,Bhu,Bhubaneswar
458,k,kerala
459,Pa,Palakkads
460,Man,Mangalam Dam
461,k,kerala
462,k,kerala
463,Na,Nagaland
464,Karun,Karunagapally
465,Nagarkov,Nagarkovil
466,Pa,Paliekkara
467,Palak,Palakkad
468,Ku,Kumbalam
469,Co,Cochin
470,Pathanam,Pathanamthitta
471,k,kerala
472,k,kerala
473,Poont,Poonthura
474,Jana,Janakpuri
475,Mad,Madapura
476,Karnataka,Karnatakas
477,Ku,Kushalnagar
478,Ko,Kodagu
479,Ko,Kodagu
480,k,kerala
481,Pathana,Pathanamthitta
482,I,Idukki
483,Na,Nadavayal
484,Edava,Edavaka Panchayat
485,Put,Puthussery
486,Ko,Kodagu
487,k,kerala
488,Koch,Kochi
489,Kai,Kaipathur
490,Ka,Kalady
491,Kerala,Keralam
492,Ko,Kodagu
493,Cheng,Chenganoor
494,Aratt,Arattupuzha
495,K,KERALA
496,k,kerala
497,Sing,Singareni
498,O,Omalloor Panchayat
499,Su,Sudarshan Chakra
500,Thir,Thiruvilla
501,Pathanam,Pathanamthita
502,Ang,Angamaly
503,Way,Wayanad
504,keral,kerala
505,k,kerala
506,AL,ALLAPUZHA
507,Pa,Pala
508,Ara,Aranmula
509,Nagal,Nagaland
510,Kerala,Keralas
511,Para,Paramashivam
512,Ko,Kodagu
513,k,kerala
514,k,kerala
515,Way,Wayanad
516,cheng,chenganur
517,Cheng,Chenganur
518,Piayi Vijay,Pinarayi Vijayan
519,And,Andaman
520,k,kerala
521,Kozhi,Kozhikode
522,Ara,Aranmula
523,Ara,Aranmula
524,Koch,Kochi
525,Kerala India,Kerala India
526,Ernaku,Ernakulam
527,I,Idukki
528,Ed,Edapally
529,Way,Waynad
530,Cheng,Chenganur
531,Koch,Kochi
532,Al,Aluva
533,Para,Paravoor
534,Ernakulam,Ernakulam district
535,Ni,Nilambur
536,Para,Paravur
537,Ernaku,Ernakulam
538,A,Aryanadu
539,Gujarat,Gujarath
540,Dr,Dravidanadu
541,Am,Amala
542,Chi,Chiranjeevi
543,Ma,MaheshBabu-
544,Ka,KalyanRam
545,V,VarunTej
546,Marahall,Marathahalli
547,Vizja,Vizhinjam
548,Po,Pozhiyoor
549,Vja,Vizhinjam
550,Kotta,Kottayam
551,Ku,Kuttanad
552,Pathanam,Pathanamthitta
553,Al,Aleppy
554,Him,Himalaya
555,Bihar UP Uttarakhand Odisha,Bihar UP
556,Ka,Kannur
557,Ka,Kannur
558,Ko,Kollur
559,Chengann,Chengannur
560,Mal,Malappuram
561,Gurg,Gurgaon
562,Kallan,Kallangadi
563,Ku,Kunnamkulam
564,Hotel Livia Tower Ku,Hotel Livia Tower Kunnamkulam
565,k,kerala
566,Koch,Kochi
567,Ke,Keral
568,k,kerala
569,Pathanam,Pathanamthitta
570,k,kerala
571,Ko,Kottiyur
572,Agart,Agartala
573,k,kerala
574,Mal,Malampuzhas
575,Val,Valiyakadu
576,Al,Aluva
577,Chengann,Chengannur
578,Lal,Lalkrishna
579,Kotta,Kottayam
580,k,kerala
581,ma,malakara temple
582,path,pathanamthitta
583,Kill,Killari
584,Ra,Rakhi
585,V,Vizag
586,Ko,Kodagu
587,Din,Dindugal
588,k,kerala
589,V,Vypeen
590,Ku,Kuttanad
591,TH,THrissur
592,Kerala Co,Kerala Coorg
593,Ke,Kerela
594,Ernaku,Ernakulam
595,Shi,Shirdi
596,Ko,Kodagu
597,k,kochi
598,Ba,Bakra
599,Dhara,Dharampuri
600,Ka,Kaggdaspura
601,Way,Wayanad
602,k,kerala
603,k,kerala
604,k,kerala
605,Adlux Convention Center Ang,Adlux Convention Center Angamaly
606,Ernaku,Ernakulam
607,Karuk,Karukutty
608,Kerala,Keralas
609,del,delhi
610,Ernaku,Ernakulam
611,k,kerala
612,Jalan,Jalandhar
613,agam,agamaly
614,k,kerala
615,Ke,Kerela
616,k,kerala
617,T,Tirupati Railway Station
618,Ka,Kadiyanthuruthil House
619,Na,Nagaland
620,Cheng,Chengannur
621,Pan,Pandanad
622,k,kerala
623,k,kerala
624,I,Idukki
625,New,NewDelhi
626,Se,Seva Bharti
627,Cheng,Chenganoor
628,k,kerala
629,E,Ezhikkath
630,Pathanam,Pathanamthitta
631,Ko,Kodagu
632,Cal,Calicut
633,Ka,Kannur
634,k,kodagu
635,Ko,Kodagu
636,Gurgao,Gurgaon
637,I,Idukki
638,Ko,Kozhincherry
639,Bhu,Bhubaneswar
640,Palak,Palakkad
641,Raj,Rajiv Gandhi
642,Chow,Chowara
643,Tir,Tirupati
644,Tir,Tirupati
645,Ko,Kodagu
646,Mu,Mulund
647,Bhandup Mumbai,Bhandup Mumbai
648,Kha,Khajuria
649,Ma,Maha
650,Ka,Kakkanad
651,keral,kerala
652,Thrik,Thrikkakara
653,Way,Wayanad
654,Para,Paravur
655,k,kerala
656,k,kerala
657,Abu,Abudhabi
658,Kanya,Kanyakumari
659,Thu,Thuckalay
660,Ernaku,Ernakulam
661,kott,kottiyur
662,Kann,Kannur
663,k,kerala
664,Mal,Maldives
665,Peru,Perumbavoor
666,k,kerala
667,Pam,Pampa
668,k,kerala
669,KAL,KERALA
670,KAL,KERALA
671,Jharkha,Jharkhand
672,Way,Wayanad
673,Ernaku,Ernakulam
674,Al,Aluva
675,Way,Wayanad
676,cheng,chengannur
677,k,kerala
678,Kozhi,Kozhikode
679,Pam,Pampa
680,A,Achankovil
681,Ku,Kuttanad
682,cheng,chengannur
683,Ka,Kasaragod
684,Palak,Palakkad
685,Thiruvanantha,Thiruvananthapuram
686,NorthP,NorthParavur
687,k,kerala
688,k,kerala
689,All,Allepy
690,Kong,Kongorpilly
691,Pa,Pallipad village
692,Way,Wayanad
693,Thirvanant,Thiruvananthapuram
694,La,Latur
695,B,Bhuj
696,B,Bhopal
697,k,kerala
698,Rat,Ratlam
699,Pa,Palghat
700,Ka,Kadungalloor
701,Ernaku,Ernakulam
702,Para,Paravur
703,Pandal,Pandalam
704,Kadan,Kadangaloor
705,chert,cherthala
706,Nell,Nelliampathi
707,Palak,Palakkad
708,Chalak,Chalakkudy
709,Ludhi,Ludhiana
710,Ku,Kuttanad
711,Pam,Pamba river
712,Thirval,Thiruvalla
713,k,kerala
714,Bengal,Bengaluru
715,k,kerala
716,Kahuku,Kanichukulangara
717,Alapha,Alappuzha district
718,Pa,Pallippad village
719,Karth,Karthikapally taluk
720,Maharashtra,Maharashtra State
721,Ko,Kottappuram
722,Al,Aluva
723,ka,kadavantra
724,k,kerala
725,V,Vaikom
726,Houston,Houstons
727,Texas,TexasCity
728,Ohio,Ohio Valley
729,U S,U.S.
730,San,SanAntonio
731,Cy,Cypress
732,U S,U.S.
733,H,HOUSTON
734,GA,GALVESTON
735,Houston,Houstons
736,ho,houston
737,T,TEXAS
738,Port,PortArthur
739,Middle,Middletown
740,Ex,ExxonMobil refineries
741,ho,houston
742,Channelview TX,Channelview TX
743,Texas Louisiana,Texas Louisiana
744,JeffersonC,JeffersonCounty
745,Rich,RichtonPark
746,Port,PortArthur
747,te,texas
748,H,HHouston
749,Pick,Pickens
750,L,LI
751,Port Arans,Port Aransas
752,Braz,Brazoria
753,T,TEXAS
754,texa,texas
755,euro,europe
756,Ridge,Ridgewood
757,P,PORT LAVACA
758,W,WOODLANDS
759,Rock,Rockport
760,U S,U.S.
761,Texas,Texas-
762,Wharton TX East Bernard TX,Wharton TX
763,Rock,Rockport
764,Ara,AransasCounty
765,Port,Port OConnor
766,P,Pewaukee
767,Tu,Tuscaloosa
768,Port,PortArthur
769,Port,PortArthur
770,Gveston TX,Galveston TX
771,Harris TX,Harris TX
772,TEX,TEXAS
773,Rock,Rockport
774,Port,PortArthur
775,Tex,Texan
776,Lu,Luling
777,ho,houston
778,Ho,HoUSton
779,U S,U.S.
780,ho,houston
781,M,MX
782,Mexico,Mexicos
783,T,Tx
784,Puerto,PuertoRico
785,Puerto,PuertoRico
786,Puerto,PuertoRico
787,US,US embassy
788,PuertoR,PuertoRico
789,Na,Naranjito
790,Puerto,PuertoRico
791,Puerto,PuertoRico-
792,N CAROL,N. CAROLINA
793,San Juan,San Juans
794,Rio Can,Rios Cana
795,Puerto,PuertoRico
796,Puerto,PuertoRico
797,PuertoR,PuertoRico
798,PuertoR,PuertoRico
799,U S,U.S.
800,Puerto Rico,Puerto Ricos
801,Puerto,PuertoRico
802,ST,STCroix
803,PuertoR,PuertoRico
804,Puerto Rico,Puerto Ricos
805,pu,puertorico
806,Puerto,PuertoRico
807,PuertoR,PuertoRicos
808,St,StThomas
809,us,usvi
810,DOMIN,DOMINICA
811,Puerto,PuertoRico
812,Dominic,Dominica
813,Ce,Ceiba
814,Puerto,PuertoRico
815,Vega Alt,Vega Alta
816,Puerto,PuertoRico
817,Puerto,PuertoRico
818,Dominic,Dominica
819,PuertoR,PuertoRico
820,PuertoR,PuertoRico
821,Puerto,PuertoRico
822,PuertoR,PuertoRico
823,PuertoR,PuertoRico
824,PuertoR,PuertoRico
825,Puerto,PuertoRico
826,Kali,Kalinago
827,PUERTO R,PUERTO RICO
828,pu,puertorico
829,Puerto,PuertoRico
830,Puerto,PuertoRico
831,PUERTO R,PUERTO RICO
832,Puerto,PuertoRico
833,Puerto,PuertoRico
834,PuertoR,PuertoRico
835,Puerto,PuertoRico
836,PuertoR,PuertoRico
837,U S,U.S.
838,Oc,Ocracoke Island
839,PuertoR,PuertoRico
840,PuertoR,PuertoRicos
841,PUEO R,PUERTO RICO
842,Dominic,Dominica
843,Ha,Hackney
844,lo,london
845,Puerto,PuertoRico
846,Puerto,PuertoRico
847,PuertoR,PuertoRico
848,Puerto,PuertoRico
849,Puerto,PuertoRico
850,Dominic,Dominica
851,Carolina,Carolinas
852,PuertoR,PuertoRico
853,Puerto,PuertoRico
854,Are,Arecibo
855,Puerto,PuertoRico
856,PuertoR,PuertoRico
857,Puerto Rico,Puerto Ricos
858,PuertoR,PuertoRico
859,PuertoR,PuertoRico
860,Puerto,PuertoRico
861,Puerto,PuertoRico
862,Puerto,PuertoRico
863,Dominic,Dominicas
864,Puerto,PuertoRico
865,pu,puertorico
866,Are,Arecibo
867,Puerto Rico,Puerto Ricos
868,Louisiana,Louisianans
869,Puerteo Rico,Puerteo Ricos
870,pu,puertorico
871,PuertoR,PuertoRico
872,Ai,Aibonito
873,Are,Arecibo
874,PuertoR,PuertoRico
875,PuertoR,PuertoRico
876,PuertoR,PuertoRico
877,PuertoR,PuertoRico
878,Puerto,PuertoRico
879,US Virgin Islands Puerto Rico,US Virgin Islands Puerto Rico
880,Puerto,PuertoRico
881,Caribbean,Caribbean island
882,PuertoR,PuertoRico
883,Puerto,PuertoRico
884,Puerto Rico,Puerto Ricos
885,Puerto,PuertoRico
886,Puerto,PuertoRico
887,Dominic,Dominica
888,pu,puertorico
889,Dominic,Dominica
890,Dominic,Dominica
891,Puerto,PuertoRico
892,Puerto Rico,Puerto Ricos
893,PuertoR,PuertoRico
894,Puerto,PuertoRico
895,Puerto,PuertoRico
896,PuertoR,PuertoRico
897,PuertoR,PuertoRico
898,Are,Arecibo
899,PuertoR,PuertoRico
900,Puerto,PuertoRico
901,Puerto,PuertoRico
902,Puerto,PuertoRico
903,PuertoR,PuertoRico
904,Are,Arecibo
905,PO R,PUERTO RICO
906,PUERTO R,PUERTO RICO
907,Puerto,PuertoRico
908,NC VA,NC VA
909,Are,Arecibo
910,Dominic,Dominica
911,Puerto,PuertoRico
912,Puerto,PuertoRico
913,Puerto,PuertoRico
914,PuertoR,PuertoRico
915,Are,Arecibo
916,Puerto,PuertoRic
917,MI,MIAMI
918,Oc,Ocracoke Island
919,PuertoR,PuertoRico
920,PuertoR,PuertoRico
921,PuertoR,PuertoRico
922,pu,puertorico
923,Puerto,PuertoRico
924,PuertoR,PuertoRico
925,PuertoR,PuertoRico
926,Puerto,PuertoRico
927,Puerto,PuertoRico
928,PuertoR,PuertoRico
929,PuertoR,PuertoRico
930,DominicanR,DominicanRepublic
931,Puerto Rico,Puerto Ricos
932,Puerto,PuertoRico
933,Puerto Rico,Puerto Ricos
934,Puerto,PuertoRico
935,San,SanSebastian
936,SA J,SAN JUAN
937,Puerto,PuertoRico
938,Puerto,PuertoRico
939,Are,Arecibo
940,Puerto,PuertoRico
941,PuertoR,PuertoRico
942,pu,puertorico
943,pu,puertorico
944,Gua,Guajataca Dam
945,pu,puertorico
946,Puerto,PuertoRico
947,PuertoR,PuertoRico
948,PuertoR,PuertoRico
949,Dominic,Dominica
950,Puerto,PuertoRico
951,Puerto,PuertoRico
952,Puerto,PuertoRico
953,Dominic,Dominica
954,Puerto,PuertoRico
955,PuertoR,PuertoRico
956,Puerto Rico,Puerto Ricos
957,Puerto,PuertoRico
958,PuertoR,PuertoRico
959,Puerto,PuertoRico
960,Puerto,PuertoRico
961,PuertoR,PuertoRico
962,PuertoR,PuertoRico
963,PuertoR,PuertoRico
964,PuertoR,PuertoRico
965,U S,U.S.
966,G,Guajataca
967,PuertoR,PuertoRico
968,Puerto Rico,Puerto Ricoalready
969,Puerto,PuertoRico
970,Puerto,PuertoRico
971,Puerto Rico,Puerto Ricos
972,PuertoR,PuertoRico
973,Puerto,PuertoRico
974,Puerto Rico,Puerto Ricos
975,CayoS,CayoSantiago
976,pu,puertorico
977,Puerto,PuertoRico
978,U,U.S.
979,Puerto,PuertoRico
980,Puerto,PuertoRico
981,ElY,ElYunque
982,Puerto,PuertoRico
983,Puerto,PuertoRico
984,Puerto,PuertoRico
985,Puerto R,Puerto Ri
986,PuertoR,PuertoRico
987,S,Spivak Foundation
988,United States,United States of America
989,pu,puertorico
990,PuertoR,PuertoRico
991,Puerto,PuertoRico
992,Puerto,PuertoRico
993,Puerto,PuertoRico
994,Dominic,Dominica
995,PuertoR,PuertoRico
996,PuertoR,PuertoRico
997,pu,puertorico
998,Puerto,PuertoRico
999,pu,puertorico
1000,Dominic,Dominica
1001,PuertoR,PuertoRico
1002,Puerto,PuertoRico
1003,Puerto,PuertoRico
1004,PR,PR island of Vieques
1005,Puerto,PuertoRico
1006,PuertoR,PuertoRico
1007,Puerto Rico,Puerto Ricos
1008,PuertoR,PuertoRico
1009,Puerto,PuertoRico
1010,San,SanJuan
1011,V,Vieques
1012,PuertoR,PuertoRico
1013,PuertoR,PuertoRico
1014,Catholic Cha,Catholic Charities of Central Florida
1015,Puerto,PuertoRico
1016,us,usa
1017,PuertoR,PuertoRico
1018,PUEO R,PUERTO RICO
1019,U S,U.S.
1020,Puerto,PuertoRico
1021,Ma,Maunabo
1022,Puerto,PuertoRico
1023,PuertoR,PuertoRico
1024,Puerto,PuertoRico
1025,Puerto,PuertoRico
1026,PuertoR,PuertoRico
1027,Puerto Rico,Puerto Ricos
1028,PuertoR,PuertoRico
1029,PuertoR,PuertoRico
1030,U. S. Virgin Islands,U.S. Virgin Islands
1031,Puerto,PuertoRico
1032,PuertoR,PuertoRico
1033,PuertoR,PuertoRico
1034,Puerto Rico,Puerto Ricos
1035,P R,P.R.
1036,Puerto Rico,Puerto Ricos
1037,PuertoR,PuertoRico
1038,Are,Arecibo
1039,PuertoR,PuertoRico
1040,PuertoR,PuertoRico
1041,Cam,Camuy
1042,Puerto,PuertoRico
1043,PuertoR,PuertoRico
1044,G,Guajataca
1045,Dominic,Dominica
1046,NEBR,NEBRASKA
1047,K,KANSAS
1048,ne,nebraska
1049,Dakota,Dakotas
1050,U,U.S.
1051,Dakota,Dakotas
1052,O,Oglala Lakota Nation
1053,Nebraska,Nebraskans
1054,ne,nebraska
1055,Ty,Tyndall
1056,Fr,Fremont
1057,NEBR,NEBRASKA
1058,El,Elkhorn River
1059,NEBR,NEBRASKA
1060,Nebraska,Nebraskas
1061,ne,nebraska
1062,Nebraska Iowa,Nebraska Iowa
1063,U S,U.S.
1064,Nebraska,Nebraskans
1065,North Carolina,North Carolina to Omaha
1066,Ashland Nebraska,Ashland Nebraska
1067,Mary,Marysville
1068,Nebraska,Nebraskan
1069,L,LINCOLN
1070,NEBR,NEBRASKA
1071,Fr,Fremont Island
1072,Fair,Fairbury
1073,End,Endicott
1074,Richardson,Richardson Counties
1075,Wood,Woodbury
1076,Nebraska,Nebraskas
1077,O,OMAHA
1078,o,omaha
1079,ne,nebraska
1080,Nebraska,Nebraskas
1081,ne,nebraska
1082,ne,nebraska
1083,fl,florida
1084,Nebraska Iowa,Nebraska Iowa
1085,Glen,Glenwood
1086,U S,U.S.
1087,Chad,Chadron
1088,H,Hyannis
1089,NEBR,NEBRASKA
1090,U S,U.S.
1091,El,ElDorado
1092,Nebraska,Nebraskas
1093,Stewart,Stewartville
1094,ne,nebraska
1095,o,omaha
1096,Texas Nebraska,Texas Nebraska
1097,ne,nebraska
1098,Nebraska,Nebraskas
1099,NEBR,NEBRASKA
1100,O,OMAHA
1101,Scott,Scottsbluff
1102,Cat,Cattle Drive Lincoln
1103,Clare,Claremore
1104,Nebraska,Nebraskas
1105,Bo,Bomgaars
1106,Panama City FL,Panama City FL
1107,NEBR,NEBRASKA
1108,Nebraska,Nebraskan
1109,Fr,Fremont
1110,El,Elkhorn River
1111,NEBR,NEBRASKA
1112,Nebraska,Nebraskas
1113,NEBR,NEBRASKA
1114,NEBR,NEBRASKA
1115,Nebraska,Nebraskas
1116,NEBR,NEBRASKA
1117,o,omaha
1118,Sc,Schuyler
1119,NEBR,NEBRASKA
1120,South,SouthDakota
1121,fl,florida
1122,NEBR,NEBRASKA
1123,ne,nebraska
1124,M,Mx
1125,ME,MEXICO
1126,ME,MEXICO
1127,Mexico,Mexicos
1128,Mexico,Mexicos
1129,LosA,LosAngeles
1130,CD,CDMX
1131,CH,CHIAPAS
1132,ME,MEXICO
1133,CD,CDMX
1134,CD,CDMX
1135,More,Morelos
1136,P,Puebla
1137,Oax,Oaxaca
1138,P,Puebla
1139,Mexico,Mexicos
1140,CD,CDMX
1141,ME,MEXICO
1142,Mexico,Mexicos
1143,More,Morelos
1144,Pa,Paredon
1145,Mexico,Mexicos
1146,Mexico,Mexicos
1147,L A,L.A.
1148,U S,U.S.
1149,Mexico,Mexico Citys
1150,Mexico,Mexicos
1151,Mexico,Mexicos
1152,CD,CDMX
1153,M,Mx
1154,Mexico,Mexicos
1155,Chi,Chimalpopoca textile factory
1156,Puerto,PuertoRico
1157,Mexico,Mexicos
1158,Mexico,Mexicos
1159,More,Morelos
1160,sa,sacramento
1161,Mexico,Mexicos
1162,Mexico,Mexico.
1163,Mexico,Mexicos
1164,Mexico,Mexicos
1165,Mexico,Mexico-
1166,Colegio Enrique Re,Colegio Enrique Rebsamen
1167,me,mexicocity
1168,Mexico,Mexicos
1169,Mexico,Mexicos
1170,Houston Texas,Houston Texas
1171,Mexico,Mexicos
1172,ME,MEXICO
1173,Bo,Bolivar
1174,Mexico,Mexicos
1175,Co,Cohetzala
1176,Mexico,Mexicos
1177,More,Morelos
1178,Mexico,Mexicos
1179,L A,L.A.
1180,P R,P.R.
1181,U S,U.S.
1182,Mexico,Mexicos
1183,Mexico,Mexicos
1184,More,Morelos
1185,Mexico,Mexicos
1186,I,Izucar de Matamoros
1187,Mexico City,Mexico Citys
1188,Mexico,Mexicos
1189,Mexico,Mexicos
1190,ME,MEXICO
1191,Mexico,Mexicos
1192,Mexico,MexicoCity
1193,Mexico,Mexicos
1194,Los,LosTopos
1195,Mexico,Mexicos
1196,ME,MEXICO CITY
1197,Mexico,Mexicos
1198,Mexico,Mexicos
1199,ME,MEXICO
1200,Mexico,Mexicos
1201,Cuerna,Cuernavaca
1202,ME,MEXICO
1203,ME,MEXICO
1204,Mexico,MexicoCity
1205,Mexico,Mexicos
1206,At,Atzitzihuacan
1207,Tea del Vol,Tetela del Volcan
1208,ME,MEXICO CITY
1209,More,Morelos
1210,Mexico,Mexicos
1211,Mexico,Mexicos
1212,Mexico,Mexicos
1213,PUERTO R,PUERTO RICO
1214,ME,MEXICO
1215,ME,MEXICO
1216,Mexico,Mexico.ἰD
1217,Mexico,Mexicos
1218,Mexico,Mexicos
1219,Mexico,MexicoCity
1220,Mexico,Mexicos
1221,Mexico,Mexicos
1222,More,Morelos
1223,Mexico,Mexicos
1224,Mexico,Mexicos
1225,Laredo Texas,Laredo Texas
1226,Cha,Chapultepec
1227,CD,CDMX
1228,M,MX
1229,Mexico,Mexicos
1230,M,MX
1231,Mexico,Mexicos
1232,Mexico,Mexicos
1233,me,mexicocity
1234,Mexico,MexicoCity
1235,Mexico,Mexicos
1236,Mexico,MexicoCity
1237,Mexico,Mexicos
1238,Mexico,Mexicos
1239,mexi,mexico city
1240,Co,Coyoacan
1241,ME,MEXICO
1242,Mexico,Mexico Citys
1243,Mexico,Mexicos
1244,Mexico,Mexicos
1245,Mexico,Mexicos
1246,Mexico,Mexicos
1247,Puerto Rico Mexico,Puerto Rico Mexico
1248,Chi,Chiapas
1249,Mexico,Mexicos
1250,More,Morelos
1251,El,Ellicott City
1252,El,Ellicott
1253,El,Ellicott City
1254,Liberty,Libertytown
1255,El,Ellicott City
1256,El,Ellicott City
1257,El,Ellicott City
1258,El,Ellicott
1259,El,Ellicott City
1260,El,Ellicott City
1261,El,Ellicott City
1262,El,Ellicott City
1263,El,Ellicott City
1264,El,Ellicott City
1265,El,Ellicott City
1266,El,Ellicott City
1267,El,Ellicott City
1268,El,Ellicott City
1269,El,EllicottCity
1270,El,Ellicott City
1271,El,Ellicott City
1272,El,Ellicott City
1273,El,Ellicott City
1274,El,EllicottCity
1275,El,Ellicott City
1276,El,Ellicott City
1277,El,Ellicott City
1278,El,Ellicott City
1279,El,Ellicott City
1280,El,Ellicott City
1281,El,Ellicott City
1282,Maryland El,Marylands Ellicott City
1283,El,EllicottCity
1284,El,Ellicott City
1285,El,Ellicott City
1286,El,Ellicot City
1287,El,Ellicott City
1288,Pat,Patapsco River
1289,Maryland El,Maryland Ellicott City
1290,El,Ellicott City
1291,Montgomery,MontgomeryCounty
1292,El,Ellicott City
1293,El,Ellicott City
1294,Pat,Patapsco River
1295,El,Ellicott City
1296,El,Ellicott City
1297,Ch,Cheverly
1298,El,Ellicott City
1299,Maryland El,Marylands Ellicott City
1300,El,Ellicott City
1301,El,EllicottCity
1302,El,Ellicott City
1303,El,Ellicott City
1304,El,Ellicott City
1305,El,Ellicott
1306,El,Ellicott City
1307,Pat,Patapsco River
1308,El,Ellicott City
1309,El,Ellicott City
1310,El,Ellicott City
1311,El,Ellicott City
1312,El,Ellicott City
1313,El,Ellicott City
1314,MAR,MARYLAND
1315,El,Ellicott City
1316,El,Ellicot
1317,El,Ellicott City
1318,El,Ellicott City
1319,El,Ellicott City
1320,El,Ellicott City
1321,El,Ellicott City
1322,El,Ellicott
1323,El,Ellicott City
1324,El,Ellicott City
1325,El,Ellicott City
1326,El,Ellicott City
1327,El,Ellicott City
1328,El,Ellicott City
1329,El,Ellicott City
1330,El,Ellicott City
1331,Maryland Patsco River,Marylands Patapsco River
1332,El,Ellicott City
1333,El,Ellicott City
1334,El,Ellicott
1335,El,Ellicott City
1336,El,Ellicott City
1337,MA,MARYLAND
1338,El,Ellicott City
1339,El,Ellicott City
1340,El,Ellicott City
1341,El,Ellicott City
1342,El,Ellicott City
1343,Maryland USA,Maryland USA
1344,El,Ellicott City
1345,El,Ellicott City
1346,El,Ellicott City
1347,El,EllicottCity
1348,El,EllicottCity
1349,El,Ellicott City
1350,El,Ellicott City
1351,El,Ellicott City
1352,El,Ellicott City
1353,El,Ellicott City
1354,Pat,Patapsco River
1355,El,Ellicott City
1356,Baltimore,Baltimore-
1357,El,EllicottCity
1358,El,Ellicott
1359,El,Ellicott
1360,PENNSY,PENNSYLVANIA
1361,DE,DELAWARE
1362,MAR,MARYLAND
1363,VI,VIRGINIA
1364,El,Ellicott City
1365,El,Ellicott City
1366,El,Ellicott City
1367,El,Ellicott City
1368,El,Ellicott City
1369,El,Ellicott City
1370,VI,VIRGINIA
1371,MAR,MARYLAND
1372,DE,DELAWARE
1373,El,Ellicott City
1374,El,Ellicott City
1375,El,Ellicott City
1376,MA,MARYLAND
1377,El,Ellicott
1378,El,Ellicott City
1379,El,Ellicott City
1380,El,Ellicott City
1381,F,Fauquier
1382,Lou,Loudoun
1383,El,Ellicott City
1384,El,Ellicott City
1385,El,Ellicott City
1386,Ellic,Ellicott City
1387,El,EllicottCity
1388,El,Ellicott City
1389,El,EllicottCity
1390,El,Ellicott City
1391,Lou,Loudoun
1392,LA,LANSDOWNE
1393,P,PURCELLVILLE
1394,MI,MIDDLEBURG
1395,O,OATLANDS
1396,B,BELMONT
1397,H,HAMILTON
1398,SA,SAINT LOUIS
1399,L,LUCKETTS
1400,P,PHILOMONT
1401,L,LINCOLN
1402,H,HUGHESVILLE
1403,El,Ellicott City
1404,El,Ellicott City
1405,El,Ellicott City
1406,El,Ellicott City
1407,U,U.S.
1408,El,Ellicott City
1409,El,Ellicott City
1410,El,Ellicott City
1411,Prince,Prince Georges
1412,El,Ellicott City
1413,El,Ellicott City
1414,El,Ellicott City
1415,El,Ellicott City
1416,West,West Midlands
1417,El,Ellicott
1418,El,Ellicott City
1419,El,Ellicott City
1420,El,Ellicott
1421,Ellic,Ellicott City
1422,El,Ellicott City
1423,Williams,Williamsport
1424,MAR,MARYLAND
1425,Mexico,Mexicos
1426,U S,U.S.
1427,V,Varadero
1428,Cay Co,Cayo Coco
1429,St,StThomas
1430,Saint Barthel,Saint Barthelemy
1431,Mexico,Mexicos
1432,U S,U.S.
1433,Far,Farad
1434,SouthC,SouthCarolina
1435,B,Broward
1436,ho,houston
1437,texa,texas
1438,g,georgia
1439,mi,miami
1440,Alt,Altanta
1441,Sal,Salamis
1442,Malka,Malkajgiri
1443,Key,KeyWest
1444,MonroeC,MonroeCounty
1445,Middle,Middleburg
1446,Desoto County FL,Desoto County FL
1447,fl,florida
1448,I,Immokalee
1449,Tara,Tarapaca
1450,Tall,Talladega
1451,Collier Co,Collier Co.
1452,302 Magnolia Street West,302 Magnolia Street West. 8
1453,StT,StThomas
1454,G,Gatorama
1455,C,Cayman Compass
1456,ST CR,ST. CROIX
1457,St,Stlouis
1458,St. Petersburg,St. Petersburgs
1459,New York,New Yorks
1460,fl,florida
1461,PuertoR,PuertoRico
1462,Monong,Monongahela
1463,UnitedS,UnitedStates
1464,StM,StMartin
1465,St Ma,St Maarten
1466,East Foothill,East Foothills
1467,Kala,Kalaburgi
1468,us,usvirginislands
1469,Monroe,Monroe Co.
1470,St Barthel,St. Barthelemy
1471,U S,U.S.
1472,Key,KeyWest
1473,SA J,SAN JUAN
1474,B,Brevard
1475,Capitol,CapitolHill
1476,Carr,Carribean
1477,Ko,Kona
1478,Call,Callahan
1479,Cuba,Cubas
1480,Mar,Margate
1481,Rivers,Riverstone
1482,N,NRG Park
1483,OrangeC,OrangeCounty
1484,U S,U.S.
1485,B,BVI
1486,St Bart,St Barts
1487,Puerto Rico,Puerto Rico~
1488,StM,StMartin
1489,Frank,Frankfort
1490,o,oaxaca
1491,A,AZ
1492,fl,florida
1493,St,StMaarten
1494,St. Bart,St. Barts
1495,StJ,StJohn
1496,Sa,Satilla River
1497,Good,Goodland
1498,Harris County,Harris Countys
1499,West,WestPalmBeach
1500,Puerto,PuertoRico
1501,CO,COLUMBIA
1502,S C,S.C.
1503,Nassau,Nassau county
1504,SaintM,SaintMartin
1505,Key,Key West
1506,Columbia,Columbia Counties
1507,U S. Virgin Islands,U.S. Virgin Islands
1508,ma,marcoisland
1509,MI,MIAMI
1510,EC,ECUADOR
1511,EC,ECUADOR
1512,Ecuador,Ecuadors
1513,Ecuador,Ecuadors
1514,U S,U.S.
1515,Ecuador,Ecuadoran
1516,e,ecuador
1517,P,Pedernales
1518,EC,ECUADOR
1519,Ecuador,Ecuadors
1520,EC,ECUADOR
1521,EC,ECUADOR
1522,paki,pakistan
1523,Ecuador,Ecuadors
1524,Ecuador,Ecuadors
1525,Porto,Portoviejo
1526,EC,ECUADOR
1527,Ecuador,Ecuadors
1528,Ecuador,Ecuadors
1529,Ecuador,Ecuadors
1530,G,GUAYAQUIL
1531,Porto,Portoviejo
1532,Ecuador,Ecuadors
1533,EC,ECUADOR
1534,is,israel
1535,Japan,Japans
1536,Ecuador,Ecuadors
1537,Ecuador,Ecuadors
1538,Ecuador,Ecuadors
1539,To,Tohoku
1540,Ku,Kumamoto
1541,japa,japan
1542,Can,Canoa
1543,Porto,Portoviejo
1544,Ecuador,Ecuadors
1545,Porto,Portoviejo
1546,e,ecuador
1547,e,ecuador
1548,Can,Canoa
1549,e,ecuador
1550,P,Pedernales
1551,P,Pedernales
1552,EC,ECUADOR
1553,p,pakistan
1554,Ecuador,Ecuadors
1555,Ecuador,Ecuadors
1556,Ecuador,Ecuadors
1557,Ecuador,Ecuadors
1558,EC,ECUADOR
1559,EC,ECUADOR
1560,Ecuador,Ecuadors
1561,Co,Coquimbo
1562,EC,ECUADOR
1563,Ecuador,Ecuadors
1564,Ecuador,Ecuadors
1565,Man,Manabi
1566,P,Pedernales
1567,EC,ECUADOR
1568,EC,ECUADOR
1569,P,Pedernales
1570,Can,Canoa
1571,Man,Manta
1572,EC,ECUADOR
1573,Guayaq,Guayaquil
1574,Mu,Muisne
1575,Man,Manabi
1576,Ecuador,Ecuadors
1577,Mexico,Mexico+(tsunami
1578,e,ecuador
1579,Ecuador,Ecuadors
1580,EC,ECUADOR
1581,e,ecuador
1582,Ecuador,Ecuadors
1583,P,Pedernales
1584,Isa,Isangel
1585,Q,QUITO
1586,Man,Manabi
1587,Ecuador,Ecuadors
1588,Ecuador,Ecuadors
1589,US,US west coast
1590,EC,ECUADOR
1591,Ecuador,Ecuadors
1592,Ecuador,Ecuadors
1593,Sal,Salinas
1594,E,Ecuad
1595,Ta,Tabuga
1596,Cam,Camarones
1597,Jam,Jama
1598,Guay,Guayaquil
1599,Ecuador,Ecuadors
1600,Ecuador,Ecuador´s
1601,Man,Manabí
1602,Ecuador,Ecuadors
1603,Q,QUITO
1604,Ecuador,Ecuadors
1605,Ecuador,Ecuadors
1606,MA,MANTA
1607,Man,Manabi
1608,Guayaq,Guayaqu
1609,Ecuador,Ecuadors
1610,Porto,Portoviejo
1611,Ecuador,Ecuadors
1612,Ecuador,Ecuadors
1613,Ecuador,Ecuadors
1614,Ecuador,Ecuadors
1615,Ecuador,Ecuadors
1616,Ecuador,Ecuadors
1617,P,Pedernales
1618,Yo,Yokota
1619,e,ecuador
1620,C,Crucita
1621,Man,Manta
1622,Ecuador,Ecuadors
1623,Ecuador,Ecuadors
1624,e,ecuador
1625,Ecuador,Ecuadors
1626,Man,Manabí
1627,e,ecuador
1628,e,ecuador
1629,Chipinge,Chipinge.
1630,Z,Zimre Park
1631,Chi,Chikwawa
1632,Um,Umvumvumvu Bridge
1633,Biri,Biriri High School
1634,N,Nyanyadzi High School
1635,Mozambique,Mozambiques
1636,Man,Manicaland
1637,Chi,Chikwawa
1638,Mozambique Beira,Mozambique Beira
1639,Chi,Chimanimani-
1640,Phalo,Phalombe district
1641,Many,Manyame Airbase
1642,Chi,Chimanimani
1643,Ng,Ngangu Township
1644,Chi,Chimanimani
1645,Chi,Chimanimani
1646,Z,ZIMBABWE
1647,Chi,Chimanimani
1648,Ng,Ngangu
1649,Be,Beira
1650,Man,Manicaland
1651,Chi,Chimanimani
1652,Mu,Mutare
1653,Chi,Chimanimani
1654,Chi,Chimanimani
1655,ch,chimanimani
1656,be,beira
1657,Z,Zim
1658,E,Eswatini
1659,60 Speke Avenue Hara,60 Speke Avenue Harare
1660,Bula,Bulawayo
1661,Ka,Kampepuza
1662,Man,Manicaland
1663,B,Buzi district
1664,Mu,Mutare
1665,Chi,Chimanimani
1666,Chi,Chimanimani
1667,Chi,Chimanimani
1668,Chi,Chimanimani
1669,bula,bulawayo
1670,Chi,Chimanimani
1671,Chi,Chimanimani
1672,As,Asakhe
1673,Mo,Mozambican
1674,B,Bizu
1675,Chi,Chimanini
1676,Be,Beira
1677,Nham,Nhamatanda
1678,Chi,Chimanimani
1679,Man,Manicaland
1680,Ma,Masvingo
1681,Chi,Chimanimani
1682,B,Buzi
1683,Ngang,Ngangu
1684,T,Tica
1685,Map,Maputo
1686,Chi,Chimanimani
1687,Chi,Chimanimani
1688,Mu,Mukuhlani
1689,Chi,Chimanimani
1690,Man,Manicaland
1691,Mu,Mutare
1692,Esp,Espungabera
1693,Zimbabwe Mozambique,Zimbabwe Mozambique
1694,Mo,Mozambican
1695,Man,Manicaland
1696,Zimbabwe,Zimbabweans
1697,Chi,Chimanimani
1698,Chi,Chimanimani
1699,R,Rusape
1700,Chi,Chimanimani
1701,Chi,Chimanimani
1702,Zimbabwe,Zimbabweans
1703,Z,Zim
1704,Z,Zambézia
1705,Te,Tete
1706,As,Asakhe
1707,V,Vumba
1708,Chi,Chimanimani
1709,Sofa,Sofala
1710,Te,Tete
1711,z,zimbabwe
1712,Chi,Chimoio
1713,Chi,Chimanimani
1714,Mozambique,Mozambiques
1715,Chi,Chimanimani
1716,Z,Zimba
1717,Mt,Mtoko
1718,Mt,Mtoko
1719,Southern Africa,Southern Africas
1720,Mozambique,Mozambiquen
1721,Chi,Chimanimani
1722,Ma,Makhanga
1723,moz,mozambique
1724,Chi,Chimanimani
1725,Tanzania,Tanzanian
1726,Chi,Chimanimani
1727,Bang,Bangula
1728,Ball,Ballito
1729,Chi,Chimanimani
1730,Mac,Macurungo
1731,B,Biera
1732,Zimbabwe,Zimbabweans
1733,N,Nyika
1734,Malawi Mozambique,Malawi Mozambique
1735,z,zimbabwe
1736,Map,Maputo
1737,Malawi Mozambique,Malawi Mozambique
1738,Chiko,Chikomba District
1739,Mu,Murambinda
1740,M,Mwerahari River
1741,Chi,Chimanimani
1742,Chi,Chimanimani
1743,Chi,Chimanimani
1744,Ng,Ngangu
1745,Chi,Chimanimani
1746,Chi,Chimanimani
1747,Chip,Chipinge
1748,Chi,Chimanimani
1749,Map,Maputo
1750,Mozambique Goosa,Mozambiques Gorongosa district
1751,Chi,Chimanimani
1752,Mnan,Mnangagwa
1753,Mu,Musikavanhu
1754,Chip,Chipinge
1755,Mu,Mutimurefu
1756,Man,Manicaland
1757,Ma,Masvingo
1758,Mata,Matabeleland
1759,Malawi,Malawis
1760,Man,Manicaland
1761,Chi,Chimanimani
1762,Chi,Chimanimani
1763,So,Sofala
1764,So,Sofala
1765,Man,Manica
1766,Chi,Chikwawa
1767,ma,malawi
1768,Nham,Nhampoca
1769,Dom,Dombe
1770,Man,Manica
1771,Malawi,Malawi-
1772,Mu,Murambinda
1773,Chi,Chimanimani
1774,Chi,Chimanimani
1775,Nyah,Nyahonde
1776,Chi,Chimanimani
1777,Manical,Manicaland
1778,Mozambique,Mozambiques
1779,Chi,Chimanimani
1780,ch,chimanimani
1781,Mu,Mutasa
1782,Man,Manicaland
1783,Chi,Chimanimani
1784,Sofa,Sofala
1785,Z,Zim
1786,U S,U.S.
1787,Manical,Manicaland
1788,Sofa,Sofala
1789,Mu,Mutare
1790,Be,Beira City
1791,Chi,Chimanimani
1792,Hara,Harare
1793,Chi,Chimanimani
1794,Chi,Chimanimani
1795,Chi,Chimanimani
1796,Chi,Chimanimani
1797,Chi,Chimanimani
1798,Mozambique Mozambique,Mozambique Mozambique
1799,Mu,Munhinga river
1800,Dom,Dombe
1801,Su,Sussundenga
1802,Man,Manica
1803,Chi,Chimanimani
1804,Man,Manicaland
1805,Chi,Chimanimani
1806,Be,Beira
1807,B,Blantyre
1808,Ph,Phalombe
1809,Chi,Chimanimani
1810,Bula,Bulawayo
1811,Chip,Chipinge
1812,Bula,Bulawayo
1813,Chi,Chimanimani
1814,Be,Beira
1815,Sofa,Sofala
1816,To,Tokwe
1817,Mu,Mukosi
1818,Ching,Chingwizi
1819,Chi,Chimanimani
1820,B,BEIRA
1821,Mu,Mutare
1822,E,Espungabera
1823,Zimbabwe,Zimbabweans
1824,Chi,Chimanimani
1825,Mozambique,Mozambiques
1826,Manical,Manicaland
1827,Man,Manicaland
1828,Man,Manicaland
1829,Be,Beira
1830,Chi,Chimanimani
1831,Charles,Charleswood
1832,E,Estoril
1833,Chi,Chimanimani
1834,Chi,Chimanimani
1835,Be,Beira Airport
1836,Ph,Phalombe
1837,N,Nhamatanda
1838,Ph,Phalombe
1839,Chi,Chimanimani
1840,Chi,Chimanimani
1841,Chi,Chimanimani
1842,Chi,Chimanimani-
1843,Ng,Ngangu
1844,Chi,Chikukwa
1845,Chired,Chiredzi district
1846,Man,Manicaland
1847,Chi,Chimanimani
1848,Man,Manicaland
1849,Chi,Chimanimani
1850,Mu,Mutare
1851,Zimbabwe,Zimbabweans
1852,Chi,Chimanimani
1853,Chi,Chimanimani
1854,Z,ZIMBABWE
1855,Chi,Chimanimani
1856,Be,Beira
1857,Chi,Chiwenga
1858,Chi,Chimanimani
1859,G,Gweru
1860,Chi,Chiwalo
1861,Phalo,Phalombe
1862,Chi,Chimanimani
1863,Chiku,Chikukwa
1864,Mo,Mozambican
1865,Zimbabwe,Zimbabwean
1866,Mozambique Orlando,Mozambique Orlando
1867,Bula,Bulawayo
1868,45 Moat Ave Hills,45 Moffat Ave Hillside
1869,Chi,Chimanimani
1870,U S,U.S.
1871,Man,Manicaland
1872,z,zimbabwe
1873,Bula,Bulawayo
1874,Hara,Harare
1875,Sofa,Sofala
1876,Man,Manicaland
1877,Chi,Chimanimani
1878,Ma,Masvingo
1879,Chi,Chimanimani
1880,Mu,Mutare
1881,Chi,Chimanimani
1882,Mhak,Mhakwe
1883,N,Nyanyadzi
1884,Chi,Chimanimani
1885,Chi,Chimanimani
1886,Man,Manicaland
1887,Zimbabwe,Zimbabwes
1888,Chi,Chimanimani
1889,Beira,Beira city
1890,Mu,Mutare
1891,Chi,Chimanimani
1892,Man,Manicaland
1893,Chi,Chimanimani
1894,Ng,Ngangu
1895,Chi,Chimanimani
1896,Mu,Mutare
1897,Be,Beira
1898,Mozambique,Mozambiques
1899,Chi,Chimanimani
1900,Chi,Chimanimani
1901,Fort M,Fort McMurray
1902,Fort,FortMcMurray
1903,Fort M,Fort McMurray
1904,Fort M,Fort McMurray Wildfire
1905,Fort M,Fort McMurray
1906,Fort M,Fort McMurray
1907,Fort M,Fort McMurray
1908,Fort M,Fort McMurray
1909,Fort M,Fort McMurray
1910,Fort M,Fort McMurray
1911,Fort M,Fort McMurray
1912,Alberta,Albertas
1913,Fort M,Fort McMurray
1914,Fort M,Fort McMurray
1915,Alberta,Albertan
1916,Fort M,Fort McMurray
1917,Fort M,Fort McMurray
1918,Manitoba Ontario,Manitoba Ontario
1919,Fort M,Fort McMurray
1920,Fort,FortMcMurray
1921,Fort M,Fort McMurray
1922,M,McMurray wildfire
1923,Fort,FortMcMurray
1924,Fort M,Fort McMurray
1925,Fort M,Fort McMurray
1926,Fort M,Fort McMurray
1927,At,Athabaskan River
1928,Fort,FortMcMurray
1929,Fort M,Fort McMurray
1930,Fort,FortMcMurray
1931,Red,Redcross
1932,Fort M,Fort McMurray
1933,Fort,FortMcMurray
1934,Fort,FortMcMurray
1935,F,FtMcMurray
1936,Alberta,Albertan
1937,Fort,Fort Mac
1938,Alberta,Albertas
1939,Fort M,Fort McMurray
1940,Fort M,Fort McMurray
1941,Fort M,Fort McMurray
1942,Fort,FortMcMurray
1943,Fort M,Fort McMurray
1944,Alberta,Albertas
1945,fort M,fort Mcmurray
1946,M,McMurray Wildfires
1947,Fort M,Fort McMurray
1948,Fort M,Fort McMurray
1949,Fort M,Fort McMurray
1950,Penn,Penniac
1951,Fort,FortMcMurray
1952,Fort M,Fort McMurray
1953,Fort M,Fort McMurray
1954,man,manitoba
1955,Fort M,Fort McMurray
1956,Ka,Kamloops
1957,Fort M,Fort McMurray
1958,Cal,Calgry
1959,Fort M,Fort McMurray
1960,Fort,FortMcMurray
1961,Fort,FortMcMurray
1962,Fort M,Fort McMurray
1963,M,McMurray
1964,At,Attawapiskat
1965,Fort,FortMcMurray
1966,Fort M,Fort McMurray
1967,Alberta Canada,Alberta Canada
1968,Fort M,Fort McMurray
1969,Fort M,Fort McMurray
1970,Fort M,Fort McMurray
1971,Fort M,Fort McMurray
1972,Fort M,Fort McMurray
1973,Canada,Canadas
1974,Fort M,Fort McMurray
1975,Lamb,Lambton
1976,Fort M,Fort McMurray
1977,Fort M,Fort McMurray
1978,Fort,FortMcMurray
1979,Fort,FortMcMur
1980,Fort,FortMcMurray
1981,Fort,FortMcMurray
1982,Fort M,Fort McMurray
1983,Fort,FortMcMurray
1984,Fort M,Fort McMurray
1985,Fort M,Fort McMurray
1986,Fort M,Fort McMurray
1987,Fort M,Fort McMurray
1988,Fort M,Fort McMurray
1989,p,powellriver
1990,Reg,Regi
1991,ca,calgary
1992,Fort M,Fort McMurray
1993,Fort,FortMcMurray
1994,Fort,FortMcMurray
1995,Fort M,Fort McMurray
1996,Canada,Canadas
1997,F M,Ft McMurray
1998,Fort M,Fort McMurray
1999,Alberta Canada,Alberta Canada
2000,Fort M,Fort McMurray
2001,Fort,FortMcMurray
2002,Alberta,Albertas
2003,Fort,FortMcMurray
2004,Fort M,Fort McMurray
2005,Fort M,Fort McMurray
2006,Fort M,Fort McMurray
2007,CA,CALGARY
2008,TO,TORONTO
2009,Fort M,Fort McMurray
2010,Fort M,Fort McMurray
2011,Fort,FortMcMurray
2012,Fort M,Fort McMurray
2013,Fort,FortMcMurray
2014,AL,ALBERTA
2015,Fort,FortMcMurray
2016,F. Mac,Ft. Macmurray
2017,Fort M,Fort McMurray
2018,Fort M,Fort McMurray
2019,Alberta,Albertas
2020,At,Attawapiskat
2021,Fort,FortMcMurray
2022,Fort,FortMcMurray
2023,Canada,Canadas
2024,Dick,Dickinsfield
2025,Fort M,Fort McMurray
2026,Fort M,Fort McMurray
2027,Fort M,Fort McMurray
2028,Fort M,Fort McMurray
2029,Fort M,Fort McMurry
2030,al,alberta
2031,Fort M,Fort McMurray
2032,Fort M,Fort McMurray
2033,Fort M,Fort McMurray
2034,Fort M,Fort McMurray
2035,O,OConnor Rd
2036,Ka,Kamloops
2037,Fort M,Fort McMurray
2038,Fort M,Fort McMurray
2039,TO,TORONTO
2040,Fort M,Fort McMurray
2041,Little S,Little Smoky
2042,Fort,FortMcMurray
2043,Fort M,Fort McMurray
2044,Fort M,Fort McMurray
2045,Fort M,Fort McMurray
2046,Fort M,Fort McMurray
2047,Fort,FortMcMurray
2048,Fort M,Fort McMurray
2049,Fort M,Fort McMurray
2050,Fort,FortMcMurray
2051,Fort M,Fort McMurray
2052,Canada,Canadas
2053,Fort M,Fort McMurray
2054,MA,MANITOBA
2055,Fort M,Fort McMurr
2056,Fort M,Fort McMurray
2057,Fort M,Fort McMurray
2058,Bo,Boreal
2059,Fort M,Fort McMurray
2060,Fort M,Fort McMurray
2061,Fort M,Fort McMurray
2062,Fort M,Fort McMurray
2063,Fort M,Fort McMurray
2064,Fort,FortMcMurray
2065,Fort M,Fort McMurrary
2066,Fort,FortMcMurray
2067,Fort M,Fort McMurray
2068,Alberta Canada,Alberta Canada
2069,Fort M,Fort McMurray
2070,Fort M,Fort McMurray
2071,al,alberta
2072,Fort M,Fort McMurray
2073,al,alberta
2074,Fort M,Fort McMurray
2075,Canadian,Canadian city
2076,M,McMurray Wildfire Fund
2077,Fort M,Fort McMurray
2078,Fort M,Fort McMurray
2079,Fort M,Fort McMurray
2080,Fort M,Fort McMurray
2081,Fort M,Fort McMurray
2082,Fort,FortMcMurray
2083,Canada,Canadas
2084,Fort M,Fort McMurray
2085,Fort M,Fort McMurray
2086,AL,ALBERTA
2087,Manitoba Ontario,Manitoba Ontario
2088,Manitoba Ontario,Manitoba Ontario
2089,Fort M,Fort McMurray
2090,Fort M,Fort McMurray
2091,Fort M,Fort McMurray
2092,Alberta,Albertas
2093,Fort M,Fort McMurray
2094,Fort M,Fort McMurray
2095,Fort M,Fort McMurray
2096,Fort M,Fort McMurray
2097,Fort M,Fort McMurray
2098,F. M,Ft. McMurr
2099,Fort M,Fort McMurray
2100,Fort M,Fort McMurray
2101,Fort,FortMcMurray
2102,Fort M,Fort McMurray
2103,Fort M,Fort McMurray
2104,Dick,Dickinsfield
2105,Fort M,Fort McMurray
2106,Calgary,Calgarys
2107,Fort M,Fort McMurray
2108,Fort M,Fort McMurray
2109,Manitoba,Manitobas
2110,Fort M,Fort McMurray
2111,Fort,FortMcMurray
2112,Fort Mac,Fort MacMurray
2113,Fort M,Fort McMurray
2114,Fort,FortMcMurray
2115,Fort M,Fort McMurray
2116,Fort M,Fort McMurray
2117,Fort M,Fort McMurray
2118,Fort,FortMcMurray
2119,Fort M,Fort McMurray
2120,Fort M,Fort McMurray
2121,Fort M,Fort McMurray
2122,Fort M,Fort McMurray
2123,Fort M,Fort McMurray
2124,Fort M,Fort McMurray
2125,Fort M,Fort McMurray
2126,Fort M,Fort McMurray
2127,Fort M,Fort McMurray
2128,Fort,FortMcMurray
2129,Fort M,Fort McMur
2130,Fort M,Fort McMurray
2131,Fort M,Fort McMurray
2132,Fort M,Fort McMurray
2133,Zurich Canada,Zurich Canada
2134,Ft,FtMcMurray
2135,Fort,FortMcMurrays
2136,Fort,FortMcMurray
2137,Fort,FortMcMurray
2138,Fort M,Fort McMurray
2139,Fort M,Fort McMurray
2140,Fort,FortMcMurray
2141,F,Ft. McMurray
2142,Fort M,Fort McMurray
2143,Fort M,Fort McMurray
2144,Fort M,Fort McMurray
2145,Fort M,Fort McMurray
2146,Fort M,Fort McMurray
2147,Fort,FortMcMurray
2148,Fort M,Fort McMurray
2149,Fort,FortMcMurray
2150,Fort M,Fort McMurray
2151,Fort M,Fort McMurray
2152,Alberta,Albertas
2153,Fort M,Fort McMurray
2154,Edmonton,Edmonton Humane Society 13620 - 163 Street
2155,CA,CANADA
2156,Manitoba Ontario,Manitoba Ontario
2157,Fort,FortMcMurray
2158,Fort M,Fort McMurray
2159,Fort M,Fort McMurray
2160,Fort M,Fort McMurray
2161,A,Abasand
2162,CA,CALGARY
2163,Am,Amatrice
2164,A,Arquata del Tronto
2165,Am,Amatrice
2166,Am,Amatrice
2167,Cal,Calabria
2168,Am,Amatrice
2169,So,Sommati
2170,IT,ITALY
2171,P,PescaraDelTronto
2172,Am,Amatrice
2173,Pre,Preci
2174,Am,Amatrice
2175,Am,Amatrice
2176,Am,Amatrice
2177,Italy,Italys
2178,Am,Amatrice
2179,Nor,Norcia
2180,A,Arquata
2181,IT,ITALY
2182,La,Lazio
2183,La,Lazio
2184,Am,Amatrice
2185,it,italy
2186,Am,Amatrice
2187,Am,Amatrice
2188,A,Apennines
2189,it,italy
2190,A,Accumoli
2191,Am,Amatrice
2192,A,Arquata
2193,Um,Umbria
2194,Am,Amatrice
2195,Am,Amatrice
2196,C,Cascia
2197,Pi,Piazza San Francesco
2198,Cas,Cascia
2199,Am,Amatrice
2200,Am,Amatrice
2201,it,italy
2202,Am,Amatrice
2203,Am,Amatrice
2204,IT,ITALY
2205,U,Ueki
2206,Am,Amatrice
2207,A,Accumoli
2208,Am,Amatrice
2209,Am,Amatrice
2210,Am,Amatrice
2211,Peru,Perugia
2212,it,italy
2213,Aqua,Arquata
2214,Am,Amatrice
2215,am,amatrice
2216,IT,ITALY
2217,La,Lazio
2218,Am,Amatrice
2219,sril,srilanka
2220,R,Rieti
2221,Am,Amatrice
2222,Am,Amatrice
2223,Am,Amatrice
2224,Romanian,Romanians
2225,Sa,Saada
2226,Am,Amandola
2227,Am,Amatrice
2228,Am,Amatrice
2229,Am,Amatrice
2230,Am,Amatrice
2231,So,Sommati
2232,Am,Amatrice
2233,Am,Amatrice
2234,Am,Amatrice
2235,La,Lazio
2236,Neos V,Neos Voutzas
2237,Mat,Mati
2238,At,Attica
2239,Mat,Mati
2240,gree,greece
2241,At,Attika
2242,At,Attica
2243,At,Attica
2244,Yun,Yunanistan
2245,At,Attica
2246,G,GREECE
2247,Greece,Greeces
2248,At,Attica
2249,A,Aegean islands
2250,K,KAT hospital
2251,F,Fleves
2252,G,Glyfada
2253,N,Nea Makri
2254,Po,Pompeii
2255,Athens Greece,Athens Greece
2256,Mat,Mati
2257,Mat,Mati
2258,At,Attica
2259,Mat,Mati
2260,Yunani,Yunanistan
2261,At,Attica
2262,At,Attica
2263,At,Attica
2264,Greece,Greeces
2265,At,Attica
2266,Gre,Grecia
2267,O,Oven
2268,At,Attica
2269,Mat,Mati
2270,At,Attica
2271,At,Attica
2272,gree,greece
2273,at,athens
2274,At,Attica
2275,At,Attica
2276,At,Attica
2277,mat,mati
2278,Ra,Rafina
2279,Mat,Mati
2280,gree,greece
2281,Ra,Rafina
2282,Mat,Mati
2283,Mat,Mati
2284,At,Attica
2285,East Coast Attica Greece,East Coast Attica Greece
2286,Ki,Kineta
2287,gree,greece
2288,Yun,Yunanistan
2289,G,Grecia
2290,Yun,Yunanistan
2291,Pen,Penteli
2292,Mat,Mati
2293,At,Attica
2294,Ra,Rafina
2295,At,Attica
2296,At,Attiki
2297,Yun,Yunanistan
2298,gree,greece
2299,At,Attica
2300,At,Attica
2301,Greece,Greeces
2302,Mat,Mati
2303,At,Attica
2304,At,Atticas
2305,Mat,Mati
2306,Mat,Mati
2307,Greece,Greeces
2308,At,Attica
2309,Hermes Airport,Hermes Airports
2310,Greece,Greeces
2311,G,Grece
2312,Ki,Kifissia
2313,At,Attica
2314,Mat,Mati
2315,At,Attica
2316,Greece Po,Greeces Pompeii
2317,At,Attica
2318,Kara,Karamanlis
2319,Mat,Mati
2320,Mat,Mati
2321,Mat,Mati
2322,Po,Pompeii
2323,At,Attica
2324,Hal,Halkidiki
2325,At,Attica
2326,Mat,Mati
2327,At,Attica
2328,X,Xylokastro
2329,Pen,Pendeli
2330,Ka,Kalamos
2331,gree,greece
2332,East At,East Attika
2333,West At,West Attica
2334,Mat,Mati
2335,Hell,Hellas
2336,G,GREECE
2337,Mat,Mati
2338,At,Attica
2339,At,Attica
2340,At,Attica
2341,Mat,Mati
2342,At,Attica
2343,gree,greece
2344,Greece,Greeces
2345,At,Attica
2346,gree,greece
2347,G,GREECE
2348,Mat,Mati
2349,Ko,Kokkino Limanaki
2350,At,Attica
2351,A,Argyro
2352,Mat,Mati
2353,At,Attica
2354,Raa Pike,Rafina Pikermiou
2355,Greece,Greeces
2356,At,Attica
2357,Kat,Kathimerini
2358,E,EFKA
2359,g,greece
2360,G,GREECE
2361,Yun,Yunanistan
2362,Neos V,Neos Voutzas
2363,Europe,Europes
2364,At,Attica
2365,at,athens
2366,Mat,Mati
2367,G,Geraneia
2368,Mat,Mati
2369,Mat,Mati
2370,Mat,Mati
2371,At,Attica
2372,Mat,Mati
2373,UnitedK,UnitedKingdom
2374,G,GREECE
2375,Greece,Greeces
2376,Mat,Mati
2377,L,LONDON
2378,gree,greece
2379,At,Attica
2380,At,Attica
2381,At,Attica
2382,AT,ATHENS
2383,T,Thriasio hospital
2384,At,Attica
2385,Gre,Grecia
2386,E,Evia
2387,gree,greece
2388,At,Attica
2389,attic,attica
2390,at,athens
2391,Athens Greece,Athens Greece
2392,Mat,Mati
2393,At,Attica
2394,S,Syriza
2395,Greece,Greeces
2396,G,Grecia
2397,At,Attica
2398,Yun,Yunanistan
2399,At,Attica
2400,Ex,Exarchia
2401,Raa Pike,Rafina Pikermou
2402,Greece,Greeces
2403,Greece,Greeces
2404,At,Attica
2405,Greece,Greeces
2406,IT,ITALY
2407,G,GREECE
2408,At,Attica wildfires
2409,Mat,Mati
2410,Mat,Mati
2411,East At,East Attica
2412,Mat,Mati
2413,at,athens
2414,b,bahamas
2415,GE,GEORGIA
2416,kiss,kissimmee
2417,eastern Carolina,eastern Carolinas
2418,South Carol,South Carolinians
2419,Florida,Floridas Atlantic coast
2420,La,Lantana
2421,Al,Alaksa
2422,GrandB,GrandBahama
2423,FL,FLORIDA
2424,Carolina,Carolinas
2425,El,Eleuthera
2426,BA,BAHAMAS
2427,BA,BAHAMAS
2428,FL,FLORIDA
2429,A,Abacos
2430,Mar,Mar A Lago
2431,N C,N.C.
2432,Carolina,Carolinas
2433,South Carolina,South Carolinas
2434,Fort Lauderdale Hollywood,Fort Lauderdale Hollywood
2435,Indian River County,Indian River County Emergency
2436,Martin,Martin Counties
2437,fl,florida
2438,g,georgia
2439,s,sc
2440,U S,U.S.
2441,U,U.S.
2442,fl,florida-
2443,b,bahamas
2444,Miami Florida,Miami Florida
2445,Bahamas Florida,Bahamas Florida
2446,Carolina,Carolinas
2447,CO,COUNTY FLORIDA
2448,A,Abaco
2449,northcarolin,northcarolina
2450,Central,CentralFlorida
2451,fl,florida
2452,K,KSA
2453,Val,Valdosta
2454,J,JACKSONVILLE
2455,U S,U.S.
2456,eastern Carolina,eastern Carolinas
2457,V,VOLUSIA COUNTY
2458,Palm,PalmBeach
2459,Carolina,Carolinas
2460,ORLA,ORLANDO
2461,3148 S Goldenrod Rd Orlando,3148 S Goldenrod Rd Orlando
2462,Florida,Floridas
2463,Florida,Floridas
2464,Tampa,TampaBay
2465,Mar a,Mar a Largo
2466,Flag,Flagler Estates
2467,North Carol,North Carolinians
2468,A,Abaco
2469,Florida,Floridas
2470,Puerto Rico Florida,Puerto Rico Florida
2471,Florida,Floridas
2472,Vol,Volusia
2473,U S,U.S.
2474,West,WestPalmBeach
2475,Myrtle,MyrtleBeach
2476,Fayeville NC,Fayetteville NC
2477,S C,S.C.
2478,Carolina,Carolinas
2479,Great A,Great Abaco
2480,U S,U.S.
2481,fl,florida
2482,Baham,BahamaS
2483,Jacksonville Florida,Jacksonville Florida
2484,A,Abaco
2485,Atlanta,Atlanta Motor Speedway
2486,U S,U.S.
2487,fl,florida
2488,A,AbacoIsland
2489,G,Ga
2490,Marsh Harbour Bahamas,Marsh Harbour Bahamas
2491,U,U.S.
2492,Florida,Floridas
2493,BA,BAHAMAS
2494,BA,BAHAMAS
2495,North Carol,North Carolinians
2496,Florida,Floridas
2497,Swansea,Swansea Town Beach
2498,Erie County,Erie Countys
2499,Bvard Volusia County,Brevard Volusia County
2500,A,Abacos
2501,B,Broward
2502,Deer,Deerfield Beach
2503,SouthC,SouthCarolina
2504,Mira,Miramar
2505,b,bahamas
2506,Georgia,Georgias
2507,Tencar,Tencarva
2508,Martin,MartinCounty
2509,Carolina,Carolinas
2510,Carolina,Carolinas
2511,Orlando Melbourne,Orlando Melbourne
2512,A,Abaco Islands
2513,SouthCaro,SouthCarolina
2514,U S,U.S.
2515,Kennedy Space,Kennedy Space Center
2516,B,Brevard
2517,Vol,Volusia
2518,SouthC,SouthCarolina
2519,Bluff,Bluffton
2520,mi,miami
2521,jack,jacksonville
2522,at,atlanta
2523,or,orlando
2524,Carolina,Carolinas
2525,A,Abaco Islands
2526,Florida,Floridas
2527,Palm Beach,Palm Beaches
2528,BA,BAHAMA
2529,UnitedS,UnitedStates
2530,A,Abacos
2531,B,Brevard
2532,Vol,Volusia
2533,b,bahamas
2534,South Carol,South Carolinians
2535,California,Californias
2536,California,Californias
2537,CALIF,CALIFORNIA
2538,California,Californias
2539,California,Californias
2540,Cal,Cali
2541,Lo,Lodi
2542,carn,california
2543,te,texas
2544,U S,U.S.
2545,San,SanFrancisco
2546,Sierra Nevada,Sierra Nevadas
2547,W,Walmart
2548,C,Ca
2549,carn,california
2550,CALIF,CALIFORNIA
2551,California,Californias
2552,Gran,Granite Mountain Hotshots Memorial State Park
2553,j,japan
2554,U S,U.S.
2555,California,Californias
2556,L,LOS ANGELES
2557,California,Californias
2558,Co,Coffey Park
2559,SantaR,SantaRosa
2560,ca,california
2561,California,Californias
2562,Fe,Feather River Hospital
2563,Mali,Malibu
2564,California,Californias
2565,CALIF,CALIFORNIA
2566,Ka,KanyeWest
2567,Ku,Kulgam
2568,Oro,Oroville
2569,California,Californias
2570,California,Californias
2571,Sierra Nevada,Sierra Nevadas Camp
2572,California,Californias
2573,Manhattan,Manhattans
2574,ma,malibu
2575,Nor,NorCal
2576,California,Californias
2577,California,Californias
2578,Mali,Malibu
2579,California,Californias
2580,ca,california
2581,Con,Concow
2582,Mali,Malibu
2583,ca,california
2584,California,Californias
2585,California,Californias
2586,California,Californias
2587,Mali,Malibu
2588,ca,california
2589,California,Californias
2590,ca,california
2591,U S,U.S.
2592,Mid,Midtown
2593,Cal,Calif.
2594,carn,california
2595,losang,losangeles
2596,Oro,Oroville
2597,Si,SimiValley
2598,Or,Orland
2599,ca,california
2600,California,Californias
2601,Chip,Chipotle restaurant
2602,California,Californias
2603,California,Californias
2604,U S,U.S.
2605,But,Butte
2606,Park,Parkland
2607,California,California)--these
2608,California,Californias
2609,Paradise C,Paradise Ca
2610,California,Californias
2611,California,Californias
2612,San,SanFrancisco
2613,But,ButteCounty
2614,Hamilton,HamiltonCity
2615,California,Californias
2616,ca,california
2617,ca,california
2618,Santa,Santa Ana
2619,Mali,Malibu
2620,But,ButteCounty
2621,California,Californias
2622,CALIF,CALIFORNIA
2623,California,Californias
2624,California,Californias
2625,Yu,YubaCity
2626,Oro,Oroville
2627,P,Pulga
2628,California,Californias
2629,CALIF,CALIFORNIA
2630,ma,malibu
2631,Mirpur AJ,Mirpur AJK
2632,Chi,Chiterpari
2633,J,Jaltan Road
2634,AJ,AJK
2635,AJ,AJK
2636,Ko,Kort Kashmir
2637,AJ,AJK
2638,azad,azadkashmir
2639,Azad Kashmir Mir,Azad Kashmir Mirpor
2640,AJ,AJK
2641,Pakistan Kashmir,Pakistans Kashmir
2642,Mir,Mirpur
2643,Mir,Mirpur
2644,paki,pakistan
2645,Mirpur Azad Kashmir,Mirpur Azad Kashmir
2646,AJ,AJK
2647,paki,pakistan
2648,Mirpur J,Mirpur Jatlan
2649,J,Jarikas
2650,AJ,AJK
2651,AJ,AJK
2652,M,MUZAFFARABAD
2653,ISLA,ISLAMABAD
2654,A,Azad Jammu
2655,Mir,Mirpur
2656,paki,pakistan
2657,AJ,AJK
2658,Mir,MirPur
2659,paki,pakistan
2660,Mang,Mangla Dam
2661,paki,pakistan
2662,paki,pakistan
2663,Pi,Pindi Sabarwal
2664,Mir,Mirpur
2665,ka,kashmir
2666,Mir,Mirpur
2667,AJ,AJK
2668,Mir,Mirpur
2669,AJ,AJK
2670,j,jehlum canal
2671,MI,MIRPUR
2672,Mir,Mirpur
2673,Pakistan Kashmir,Pakistan Kashmir
2674,J,Jaatlaan Canal
2675,Je,Jehlum
2676,J,Jatlan
2677,ka,kashmir
2678,AJ,AJK
2679,Mir,Mirpur
2680,Mang,Mangla Dam
2681,AJ,AJK
2682,Allah Ka,Allah Karum karay
2683,A,Azad KASHMIR
2684,J,Jaatlaan
2685,J,Jaatlaan
2686,J,Jatlan
2687,Mir,Mirpur
2688,AK,AzadKashmir
2689,AJ,AJK
2690,Mir,Mirpur
2691,Islam,Islamabad
2692,A,AzadJammuKashmir
2693,paki,pakistan
2694,AJ,AJK
2695,AJ,AJK
2696,AK,AzadKashmir
2697,ka,kashmir
2698,mirp,mirpur
2699,Man,Mangla
2700,Man,Mangla dam
2701,AJ Mir,AJK Mirpur
2702,paki,pakistan
2703,AJ,AJK
2704,paki,pakistan
2705,AJ,AJK
2706,paki,pakistan
2707,Mir,MirpurAJK
2708,AJ,AJK
2709,paki,pakistan
2710,Mir,Mirpur
2711,Mirpur Azad Jammu,Mirpur Azad Jammu
2712,azadkas,azadkashmir
2713,a,azadkashmir
2714,Pakistan A,Pakistan Azad
2715,B,Bhimber
2716,Mir,Mirpur
2717,Mirpur A,Mirpur Azad Kashmir
2718,Mir,Mirpur
2719,a,azad kashmirὢ5
2720,Jat,Jatlan
2721,Man,Mangla
2722,Mirpur Jat,Mirpur Jatlan
2723,Jari,Jarikas
2724,Jat,Jatlan
2725,J,Jarikas
2726,AK,AKJ
2727,A,Azad Kashmir
2728,paki,pakistan
2729,AJ,AJK
2730,Mirpur AJ,Mirpur AJK
2731,Mirpur Azad Kashmir,Mirpur Azad Kashmir
2732,Mir,Mirpur
2733,azad,azadkashmir
2734,Mir,Mirpur
2735,AJ,AJK
2736,paki,pakistan
2737,J,Jhelum
2738,Mang,Mangla Dam
2739,mi,mirpur
2740,A,Azad Kashmir
2741,AJ,AJK
2742,AJ,AJK
2743,Mirpur A,Mirpur Ajk
2744,AJ,AJK
2745,J,Jatlan
2746,J,Jatlan
2747,K,Kharee Shrif
2748,paki,pakistan
2749,AzadK,AzadKashmir
2750,AJ,AJK
2751,Mirpur Azad ka,Mirpur Azad kashmir
2752,Mir,Mirpure
2753,A,Azad
2754,Mir,Mirpur
2755,AJ,AJK
2756,AJ,AJK
2757,ka,kashmir
2758,Mir,Mirpur
2759,AJ,AJK
2760,Mir,Mirpur
2761,AJ,AJK
2762,p,pakistan
2763,Mir,Mirpur
2764,Mir,Mirpur
2765,Jat,Jatlan
2766,AJ,AJK
2767,Jat,Jatlan
2768,Mir,MirPur
2769,AJ,AJK
2770,Islam,Islamabad
2771,Raw,Rawalpindi
2772,Si,Sialkot
2773,A,Azad Jammu and Kashmir
2774,paki,pakistan
2775,Mi,Mipur
2776,MI,MIRPUR
2777,Jat,Jatlan
2778,Mir,Mirpur
2779,AzadK,AzadKashmir
2780,I,ImranKhan
2781,Re,Rehayishmarziki
2782,go,goilaan
2783,paki,pakistan
2784,AJ,AJK
2785,paki,pakistan
2786,Mirpur Azad Kashmir,Mirpur Azad Kashmir
2787,Mir,Mirpur
2788,AJ,AJK
2789,paki,pakistan
2790,A,Azad_Kashmir
2791,AJ,AJK
2792,Mir,Mirpur
2793,AJ,AJK
2794,AJ,AJK
2795,A,Azad
2796,B,Bhimber
2797,J,Jatlan
2798,AzadK,AzadKashmir
2799,AJ,AJK
2800,Din,Dinah
2801,AJ,AJK
2802,AJ,AJK
2803,AJ,AJ&K
2804,Mirpur Mirpur,Mirpur Mirpur
2805,Islam,Islamabad
2806,Raw,Rawalpindi
2807,Pesh,Peshawar
2808,Gu,Gujrat
2809,Malaka,Malakand
2810,A,Azad Kashmir
2811,mi,mirpur
2812,AK,AzadKashmir
2813,Kara,Karamaat
2814,Mir,Mirlpur
2815,Kala G,Kala Gujran
2816,Mir,Mirpur
2817,Jat,Jatlan
2818,Jat,Jatlan
2819,Man,Mangla Road
2820,AJ,AJK
2821,J,Jatlaan
2822,a,azadkashmir
2823,Mir,Mirpur
2824,A,Ak
2825,paki,pakistan
2826,s,syria
2827,Mirpur AJ,Mirpur AJK
2828,paki,pakistan
2829,A,Azad Kashmir
2830,Mu,Muzaffarabad
2831,Man,Mangla
2832,J,Jatlan
2833,Mir,Mirpur
2834,us,usa
2835,euro,europe
2836,lo,london
2837,p,pakistan
2838,AJ,AJK
2839,mi,mirpur
2840,azadkas,azadkashmir
2841,AzadK,AzadKashmir
2842,AJ,AJK
2843,Islam,Islamabad
2844,Raw,Rawalpindi
2845,Pesh,Peshawar
2846,Mirpur Q,Mirpur Qaisar
2847,Aurang,Aurangzeb
2848,Mir,Mirpur
2849,Mir,Mirpur
2850,AJ,AJK
2851,MirpurK,MirpurAzadKashmir
2852,Dar,Darbar
2853,Mir,Mirpur
2854,Mir,Mirpur
2855,ISLA,ISLAMABAD
2856,LA,LAHORE
2857,RALP,RAWALPINDI
2858,P,PESHAWER
2859,S,SIALKOT
2860,G,GUJRAAT
2861,PA,PAKISTAN
2862,Islamabad Peshawar,Islamabad Peshawar
2863,Pakistan Kashmir,Pakistans Kashmir
2864,Man,Mangla
2865,AJ,AJK
2866,mi,mirpur
2867,mi,mirpur
2868,ka,kashmir
2869,A,Azad_Kashmir
2870,Du,Duniya kahan
2871,A,Azad Kashmir
2872,AJ,AJK
2873,paki,pakistan
2874,Mir,Mirpur
2875,J,Jatla Mirpur
2876,A,Azad
2877,mi,mirpur
2878,a,azad kashmir
2879,Mirpur,Mirpur city
2880,AJ,AJK
2881,A,Azad Jammu
2882,Mirpur A,Mirpur Azad Kashmir
2883,J,Jhelum
2884,A,Azad Kashmir
2885,Mir,Mirpur
2886,Man,Mangla dam
2887,Mir,Mirpurs
2888,Mir,Mirpur
2889,paki,pakistan
2890,paki,pakistan
2891,mirp,mirpur
2892,jhel,jhelum
2893,AJ Pakistan,AJK Pakistan
2894,Mirpur AK,Mirpur AK
2895,A,Azad_Kashmir
2896,J,Jatlan
2897,J,Jatlan
2898,BAL,BALOCHISTAN
2899,Je,Jehlum
2900,AJ Mirpur,AJK Mirpur
2901,paki,pakistan
2902,jat,jatlan
2903,Mirpur Azad Kashmir,Mirpur Azad Kashmir
2904,jat,jatlan
2905,A,Azad kashmir
2906,ka,kashmir
2907,mi,mirpur
2908,Mir,Mirpur
2909,paki,pakistan
2910,paki,pakistan
2911,AK,AzadKashmir
2912,J,Jatlan
2913,AJ,AJK
2914,J,Jatlan
2915,Mirpur A,Mirpur Azad Kashmir
2916,Mir,Mirpur
2917,Mir,Mirpur
2918,B,Bhimber
2919,j,jatlan
2920,Azadkas,Azadkashmir
2921,paki,pakistan
2922,B,Bhimber
2923,Mir,Mirpur
2924,mirp,mirpur
2925,Jat,Jatlan
2926,Mir,Mirpur
2927,A,Azad Jammu and Kashmir
2928,Mir,Mirpur
2929,Islam,Islamabad
2930,J,Jatllan
2931,AJ,AJK
2932,Man,Mangla Dam
2933,paki,pakistan
2934,Raw,Rawalpindi
2935,G,Gujar Khan
2936,J,Jhelum
2937,paki,pakistan
2938,Chi,Chitterpari
2939,A,Azad Jammu
2940,Mir,Mirpur
2941,J,Jatlan
2942,Jari,Jarikas
2943,Man,Mangla Dam
2944,A,Azad Jammu
2945,Sara,SaraiAlamgir
2946,K,Kharian
2947,G,Gujrat
2948,Mir,Mirpur
2949,mi,mirpurazadkashmir
2950,j,jhelum
2951,j,jatlan
2952,Ko,Kotli
2953,AJ,AJK
2954,Mir,Mirpur
2955,B,Bhimber
2956,AJ,AJK
2957,AJ,AJK
2958,j,jatlan
2959,AJ,AJK
2960,Ko,Kotli
2961,AJ,AJK
2962,Islam,Islamabad
2963,AJ,AJK
2964,ka,kashmir
2965,ka,kashmir
2966,AJ,AJK
2967,paki,pakistan
2968,A,Azad Kashmir
2969,azad ka,azad kashmir
2970,A,Azad Jammu
2971,Khy,Khyber Pakhtunkhwa
2972,Mir,Mirpur
2973,AK,AzadKashmir
2974,AJ,AJK
2975,paki,pakistan
2976,A,Azad Kashmir
2977,ka,kashmir
2978,akas,azadkashmir
2979,mi,mirpur
2980,Jat,Jatlan
2981,K,Khari
2982,AzadK,AzadKashmir
2983,paki,pakistan
2984,paki,pakistan
2985,Mirpur AJ,Mirpur AJK
2986,SaraiA,SaraiAlamgir
2987,K,Kharian
2988,G,Gujrat
2989,Mir,Mirpur
2990,mirp,mirpur
2991,j,jehlum
2992,azad,azadkashmir
2993,Mirpur A,Mirpur Azad Kashmir
2994,Islam,Islambad
2995,Mir,Mirpur
2996,A,AzadKashmir
2997,AJ,AJK
2998,AJ,AJK
2999,paki,pakistan
3000,Mir,Mirpur
3001,Mirpur Azad Kashmir,Mirpur Azad Kashmir
3002,paki,pakistan
3003,ka,kashmir
3004,A,Azad
3005,Bhim,Bhimber
3006,A,Azad Kashmir
3007,paki,pakistan
3008,Mir,Mirpur
3009,J,Jatlan
3010,azadkas,azadkashmir
3011,Mir,Mirpur
3012,Mir,Mirpur
3013,AJ,AJK
3014,Man,Mangla Dam
3015,J,Jatlaan
3016,AJ,AJK
3017,Je,Jehlum
3018,Azad Kashmir Pakistan,Azad Kashmir Pakistan
3019,mi,mirpur
3020,A,Azad
3021,paki,pakistan
3022,A,Azad Jammu
3023,paki,pakistan
3024,p,pakistan
3025,a,azadkashmir
3026,paki,pakistan
3027,AJ,AJK
3028,AJ,AJK
3029,A,Azad #Kashmir
3030,paki,pakistan
3031,ka,kashmir
3032,AJ,AJK
3033,Mirpur A,Mirpur Azaad Kashmir
3034,J,Jatlan
3035,AK,AzadKashmir
3036,j,jehlum
3037,Su,Sumter
3038,Haiti,Haitis
3039,ha,haiti
3040,ha,haiti
3041,ha,haiti
3042,Je,Jeremie
3043,Guad,Guadeloupe
3044,ha,haiti
3045,U S,U.S.
3046,Haiti,Haitis
3047,MI,MIAMI
3048,ha,haiti
3049,jack,jacksonville
3050,ha,haiti
3051,SouthCaro,SouthCarolina
3052,Haiti,Haitis
3053,U,U.S
3054,Wail,Wailuku
3055,H,HAITI
3056,Jamaica Haiti,Jamaica Haiti
3057,U S,U.S.
3058,H,HAITI
3059,City of Jeie Haiti,City of Jeremie Haiti
3060,Haiti,Haitis
3061,Bahamas Chicago,Bahamas Chicago
3062,Je,Jeremie
3063,ha,haiti
3064,Cuba,Cuba-
3065,U S,U.S.
3066,Haiti,Haitis
3067,Haiti,Haitis
3068,Florida,Floridas eastern
3069,Les C,Les Cayes
3070,j,japan
3071,Silicon,Silicon Valley
3072,ha,haiti
3073,H,HAITI
3074,HA,HAITI
3075,cu,cuba
3076,ha,haiti
3077,H,HAITI
3078,Haiti,Haitis
3079,H,HAITI
3080,H,HAITI
3081,Les C,Les Cayes
3082,U S,U.S.
3083,Sara,Sarasota
3084,Grand - duc - C,Grand-duc-Cavailon
3085,us,usa
3086,mi,miami
3087,U S,U.S.
3088,ha,haiti
3089,P,PORT-AU-PRINCE
3090,IS,ISRAEL
3091,U S,U.S.
3092,U S,U.S.
3093,Free,Freeport
3094,Cuba Haiti,Cuba Haiti
3095,Baham,Bahamians
3096,H,HAITI
3097,H,HAITI
3098,Rat,Rathmalana
3099,srilan,srilanka
3100,srilan,srilanka
3101,sril,srilanka
3102,Srilank,Srilanka
3103,sril,srilanka
3104,SriL,SriLankan
3105,par,paris
3106,Mal,Maldives
3107,Mal,Maldives
3108,Rathnap,Rathnapura
3109,El,Elapatha
3110,sril,srilanka
3111,sril,srilanka
3112,srilan,srilanka
3113,SriL,SriLanka
3114,Matara Sri Lanka,Matara Sri Lanka
3115,Bat,Battaramulla
3116,SriL,SriLanak
3117,Sri la,Sri lanka
3118,Ka,Kaduwela
3119,China,Chinas
3120,Srilank,Srilanka
3121,Mahara,Maharagama
3122,E,Eheliyagoda
3123,Bamba,Bambalapitiya
3124,Ko,Kollupitiya
3125,sril,srilanka
3126,Sri,Srilankans
3127,srilan,srilanka
3128,srilan,srilanka
3129,sril,srilanka
3130,sril,srilanka
3131,Mill,Millaniya
3132,SriL,SriLankas
3133,SriL,SriLank
3134,sril,srilanka
3135,srilan,srilanka
3136,Sri Lankan,Sri Lankans
3137,sril,srilanka
3138,Colombo,Colombo Port City
3139,srilan,srilanka
3140,Ya,Yatagampitiya
3141,srilan,srilanka
3142,srilan,srilanka
3143,SriL,SriLanka
3144,sril,srilanka
3145,sril,srilanka
3146,srilan,srilanka
3147,A,Ayagama
3148,SriL,SriLanka
3149,sril,srilanka
3150,sril,srilanka
3151,srilan,srilanka
3152,sril,srilanka
3153,A,Akuressa
3154,sril,srilanka
3155,A,Ayagama
3156,sril,srilanka
3157,sril,srilanka
3158,Sri Lanka,Sri Lankas
3159,Nel,Neluwa
3160,Han,Hanwella
3161,sril,srilanka
3162,Sri Lanka,Sri Lankas
3163,Sri Lanka,Sri Lankas
3164,srilan,srilanka
3165,Pa,Pahiyangala
3166,Bula,Bulathsinhala
3167,d,dnkoluwaththa
3168,Pit,Pitabaddra
3169,sril,srilanka
3170,sril,srilanka
3171,J,Jaffna
3172,Math,Mathugama
3173,El,Elapatha
3174,SriL,SriLankan
3175,Cho,Choluteca
3176,sril,srilanka
3177,Srilank,Srilanka
3178,G,Galle
3179,Bad,Baddegama
3180,sril,srilanka
3181,B,Bulathsinhala
